employee_id,amount_payroll,pay_date,amount_rk,deposit_date,_merge
EMP01001,,,0.0,2025-03-04,right_only
EMP01002,,,0.0,2025-01-27,right_only
EMP01003,,,0.0,2025-01-29,right_only
EMP01004,,,0.0,2025-02-17,right_only
EMP01005,,,0.0,2025-01-07,right_only
EMP01006,,,0.0,2025-01-15,right_only
EMP01007,,,0.0,2025-01-14,right_only
EMP01008,,,0.0,2025-01-20,right_only
EMP01009,,,0.0,2025-01-22,right_only
EMP01010,,,0.0,2025-02-05,right_only
EMP01011,,,0.0,2025-01-28,right_only
EMP01012,,,0.0,2025-01-15,right_only
EMP01013,,,0.0,2025-02-10,right_only
EMP01014,,,0.0,2025-01-13,right_only
EMP01015,,,0.0,2025-02-17,right_only
EMP01016,,,0.0,2025-02-05,right_only
EMP01017,,,0.0,2025-01-08,right_only
EMP01018,,,0.0,2025-01-22,right_only
EMP01019,,,0.0,2025-01-14,right_only
EMP01020,,,0.0,2025-01-08,right_only
EMP01021,,,0.0,2025-03-04,right_only
EMP01022,,,0.0,2025-01-21,right_only
EMP01023,,,0.0,2025-01-29,right_only
EMP01024,,,0.0,2025-01-06,right_only
EMP01025,,,0.0,2025-01-08,right_only
EMP01026,,,0.0,2025-02-05,right_only
EMP01027,,,0.0,2025-02-25,right_only
EMP01028,,,0.0,2025-01-14,right_only
EMP01029,,,0.0,2025-01-07,right_only
EMP01030,,,0.0,2025-01-20,right_only
EMP01031,,,0.0,2025-01-08,right_only
EMP01032,,,0.0,2025-01-27,right_only
EMP01033,,,0.0,2025-02-03,right_only
EMP01034,,,0.0,2025-01-14,right_only
EMP01035,,,0.0,2025-01-07,right_only
EMP01036,,,0.0,2025-01-27,right_only
EMP01037,,,0.0,2025-02-19,right_only
EMP01038,,,0.0,2025-01-28,right_only
EMP01039,,,0.0,2025-01-22,right_only
EMP01040,,,0.0,2025-01-15,right_only
EMP01041,,,0.0,2025-01-06,right_only
EMP01042,,,0.0,2025-03-04,right_only
EMP01043,,,0.0,2025-02-10,right_only
EMP01044,,,0.0,2025-02-24,right_only
EMP01045,,,0.0,2025-01-14,right_only
EMP01046,,,0.0,2025-02-18,right_only
EMP01047,,,0.0,2025-03-04,right_only
EMP01048,,,0.0,2025-01-15,right_only
EMP01049,,,0.0,2025-01-14,right_only
EMP01050,,,0.0,2025-01-28,right_only
EMP01051,,,0.0,2025-01-29,right_only
EMP01052,,,0.0,2025-01-28,right_only
EMP01053,,,0.0,2025-01-15,right_only
EMP01054,,,0.0,2025-01-08,right_only
EMP01055,,,0.0,2025-02-10,right_only
EMP01056,,,0.0,2025-01-06,right_only
EMP01057,,,0.0,2025-01-27,right_only
EMP01058,,,0.0,2025-02-03,right_only
EMP01060,,,0.0,2025-01-21,right_only
EMP01061,,,0.0,2025-02-25,right_only
EMP01062,,,0.0,2025-01-13,right_only
EMP01063,,,0.0,2025-01-29,right_only
EMP01064,,,0.0,2025-01-13,right_only
EMP01065,,,0.0,2025-01-29,right_only
EMP01066,,,0.0,2025-02-18,right_only
EMP01067,,,0.0,2025-01-08,right_only
EMP01068,,,0.0,2025-02-04,right_only
EMP01069,,,0.0,2025-02-04,right_only
EMP01070,,,0.0,2025-01-27,right_only
EMP01071,,,0.0,2025-01-14,right_only
EMP01072,,,0.0,2025-01-06,right_only
EMP01073,,,0.0,2025-01-07,right_only
EMP01074,,,0.0,2025-01-29,right_only
EMP01075,,,0.0,2025-02-24,right_only
EMP01076,,,0.0,2025-01-07,right_only
EMP01077,,,0.0,2025-01-28,right_only
EMP01078,,,0.0,2025-01-13,right_only
EMP01079,,,0.0,2025-01-13,right_only
EMP01080,,,0.0,2025-01-28,right_only
EMP01081,,,0.0,2025-01-27,right_only
EMP01082,,,0.0,2025-01-29,right_only
EMP01083,,,0.0,2025-02-05,right_only
EMP01084,,,0.0,2025-02-19,right_only
EMP01085,,,0.0,2025-01-14,right_only
EMP01086,,,0.0,2025-01-07,right_only
EMP01087,,,0.0,2025-01-15,right_only
EMP01088,,,0.0,2025-01-22,right_only
EMP01089,,,0.0,2025-02-05,right_only
EMP01090,,,0.0,2025-01-08,right_only
EMP01091,,,0.0,2025-01-06,right_only
EMP01092,,,0.0,2025-02-17,right_only
EMP01093,,,0.0,2025-01-28,right_only
EMP01094,,,0.0,2025-01-07,right_only
EMP01095,,,0.0,2025-01-07,right_only
EMP01096,,,0.0,2025-01-07,right_only
EMP01097,,,0.0,2025-02-24,right_only
EMP01098,,,0.0,2025-02-25,right_only
EMP01099,,,0.0,2025-01-15,right_only
EMP01100,,,0.0,2025-02-04,right_only
EMP01101,,,0.0,2025-01-27,right_only
EMP01102,,,0.0,2025-01-07,right_only
EMP01103,,,0.0,2025-02-18,right_only
EMP01104,,,0.0,2025-01-07,right_only
EMP01105,,,0.0,2025-02-05,right_only
EMP01106,,,0.0,2025-01-06,right_only
EMP01107,,,0.0,2025-02-04,right_only
EMP01108,,,0.0,2025-01-28,right_only
EMP01109,,,0.0,2025-01-06,right_only
EMP01110,,,0.0,2025-01-07,right_only
EMP01111,,,0.0,2025-02-03,right_only
EMP01112,,,0.0,2025-01-14,right_only
EMP01113,,,0.0,2025-01-06,right_only
EMP01114,,,0.0,2025-01-28,right_only
EMP01115,,,0.0,2025-01-08,right_only
EMP01116,,,0.0,2025-02-24,right_only
EMP01117,,,0.0,2025-02-26,right_only
EMP01118,,,0.0,2025-02-04,right_only
EMP01119,,,0.0,2025-01-15,right_only
EMP01120,,,0.0,2025-02-03,right_only
EMP01121,,,0.0,2025-01-27,right_only
EMP01122,,,0.0,2025-01-28,right_only
EMP01123,,,0.0,2025-01-15,right_only
EMP01124,,,0.0,2025-02-11,right_only
EMP01125,,,0.0,2025-02-11,right_only
EMP01126,,,0.0,2025-01-14,right_only
EMP01127,,,0.0,2025-01-14,right_only
EMP01128,,,0.0,2025-01-28,right_only
EMP01129,,,0.0,2025-01-22,right_only
EMP01130,,,0.0,2025-01-27,right_only
EMP01131,,,0.0,2025-01-07,right_only
EMP01132,,,0.0,2025-02-04,right_only
EMP01133,,,0.0,2025-01-13,right_only
EMP01134,,,0.0,2025-02-18,right_only
EMP01135,,,0.0,2025-01-06,right_only
EMP01136,,,0.0,2025-01-20,right_only
EMP01137,,,0.0,2025-01-13,right_only
EMP01138,,,0.0,2025-01-21,right_only
EMP01139,,,0.0,2025-01-22,right_only
EMP01140,,,0.0,2025-01-15,right_only
EMP01141,,,0.0,2025-01-06,right_only
EMP01142,,,0.0,2025-01-14,right_only
EMP01143,,,0.0,2025-02-25,right_only
EMP01144,,,0.0,2025-01-15,right_only
EMP01145,,,0.0,2025-03-03,right_only
EMP01146,,,0.0,2025-02-05,right_only
EMP01147,,,0.0,2025-01-14,right_only
EMP01148,,,0.0,2025-01-08,right_only
EMP01149,,,0.0,2025-01-08,right_only
EMP01150,,,0.0,2025-01-20,right_only
EMP01151,,,0.0,2025-01-07,right_only
EMP01152,,,0.0,2025-02-03,right_only
EMP01153,,,0.0,2025-01-13,right_only
EMP01154,,,0.0,2025-01-28,right_only
EMP01155,,,0.0,2025-01-08,right_only
EMP01156,,,0.0,2025-02-03,right_only
EMP01157,,,0.0,2025-01-28,right_only
EMP01158,,,0.0,2025-02-05,right_only
EMP01159,,,0.0,2025-01-15,right_only
EMP01160,,,0.0,2025-01-06,right_only
EMP01161,,,0.0,2025-01-07,right_only
EMP01162,,,0.0,2025-01-20,right_only
EMP01163,,,0.0,2025-02-11,right_only
EMP01164,,,0.0,2025-01-27,right_only
EMP01165,,,0.0,2025-01-06,right_only
EMP01166,,,0.0,2025-01-06,right_only
EMP01167,,,0.0,2025-01-06,right_only
EMP01168,,,0.0,2025-01-08,right_only
EMP01169,,,0.0,2025-02-03,right_only
EMP01170,,,0.0,2025-01-08,right_only
EMP01171,,,0.0,2025-02-10,right_only
EMP01172,,,0.0,2025-01-08,right_only
EMP01173,,,0.0,2025-02-17,right_only
EMP01174,,,0.0,2025-01-06,right_only
EMP01175,,,0.0,2025-01-20,right_only
EMP01176,,,0.0,2025-01-21,right_only
EMP01177,,,0.0,2025-01-14,right_only
EMP01178,,,0.0,2025-01-13,right_only
EMP01179,,,0.0,2025-02-05,right_only
EMP01180,,,0.0,2025-01-13,right_only
EMP01181,,,0.0,2025-01-08,right_only
EMP01182,,,0.0,2025-01-22,right_only
EMP01183,,,0.0,2025-01-08,right_only
EMP01184,,,0.0,2025-02-19,right_only
EMP01185,,,0.0,2025-01-14,right_only
EMP01186,,,0.0,2025-01-07,right_only
EMP01187,,,0.0,2025-01-13,right_only
EMP01188,,,0.0,2025-01-15,right_only
EMP01189,,,0.0,2025-01-28,right_only
EMP01190,,,0.0,2025-01-08,right_only
EMP01191,,,0.0,2025-01-08,right_only
EMP01192,,,0.0,2025-01-29,right_only
EMP01193,,,0.0,2025-02-25,right_only
EMP01194,,,0.0,2025-01-28,right_only
EMP01195,,,0.0,2025-01-06,right_only
EMP01196,,,0.0,2025-02-04,right_only
EMP01197,,,0.0,2025-01-21,right_only
EMP01198,,,0.0,2025-01-08,right_only
EMP01199,,,0.0,2025-01-08,right_only
EMP01200,,,0.0,2025-01-22,right_only
EMP01201,,,0.0,2025-01-21,right_only
EMP01202,,,0.0,2025-03-05,right_only
EMP01203,,,0.0,2025-01-15,right_only
EMP01204,,,0.0,2025-01-08,right_only
EMP01205,,,0.0,2025-01-07,right_only
EMP01206,,,0.0,2025-03-05,right_only
EMP01207,,,0.0,2025-01-08,right_only
EMP01208,,,0.0,2025-02-10,right_only
EMP01209,,,0.0,2025-02-10,right_only
EMP01210,,,0.0,2025-01-21,right_only
EMP01211,,,0.0,2025-01-08,right_only
EMP01212,,,0.0,2025-01-07,right_only
EMP01213,,,0.0,2025-02-12,right_only
EMP01214,,,0.0,2025-02-11,right_only
EMP01215,,,0.0,2025-01-15,right_only
EMP01216,,,0.0,2025-02-03,right_only
EMP01217,,,0.0,2025-01-06,right_only
EMP01218,,,0.0,2025-01-13,right_only
EMP01219,,,0.0,2025-01-08,right_only
EMP01220,,,0.0,2025-01-06,right_only
EMP01221,,,0.0,2025-01-21,right_only
EMP01222,,,0.0,2025-01-06,right_only
EMP01223,,,0.0,2025-01-08,right_only
EMP01224,,,0.0,2025-01-13,right_only
EMP01225,,,0.0,2025-01-22,right_only
EMP01226,,,0.0,2025-02-10,right_only
EMP01227,,,0.0,2025-02-17,right_only
EMP01228,,,0.0,2025-01-13,right_only
EMP01229,,,0.0,2025-02-19,right_only
EMP01230,,,0.0,2025-03-04,right_only
EMP01231,,,0.0,2025-01-28,right_only
EMP01232,,,0.0,2025-03-05,right_only
EMP01233,,,0.0,2025-01-13,right_only
EMP01234,,,0.0,2025-01-07,right_only
EMP01235,,,0.0,2025-02-17,right_only
EMP01236,,,0.0,2025-02-05,right_only
EMP01237,,,0.0,2025-01-20,right_only
EMP01238,,,0.0,2025-02-10,right_only
EMP01239,,,0.0,2025-01-29,right_only
EMP01240,,,0.0,2025-01-22,right_only
EMP01241,,,0.0,2025-01-29,right_only
EMP01242,,,0.0,2025-01-27,right_only
EMP01243,,,0.0,2025-02-24,right_only
EMP01244,,,0.0,2025-02-03,right_only
EMP01245,,,0.0,2025-01-22,right_only
EMP01246,,,0.0,2025-02-04,right_only
EMP01247,,,0.0,2025-02-18,right_only
EMP01248,,,0.0,2025-01-14,right_only
EMP01249,,,0.0,2025-01-20,right_only
EMP01250,,,0.0,2025-02-12,right_only
EMP01251,,,0.0,2025-01-15,right_only
EMP01252,,,0.0,2025-01-07,right_only
EMP01253,,,0.0,2025-01-06,right_only
EMP01254,,,0.0,2025-01-08,right_only
EMP01255,,,0.0,2025-01-29,right_only
EMP01256,,,0.0,2025-01-06,right_only
EMP01257,,,0.0,2025-02-10,right_only
EMP01258,,,0.0,2025-02-03,right_only
EMP01259,,,0.0,2025-01-29,right_only
EMP01260,,,0.0,2025-01-06,right_only
EMP01261,,,0.0,2025-02-03,right_only
EMP01262,,,0.0,2025-02-10,right_only
EMP01263,,,0.0,2025-01-15,right_only
EMP01264,,,0.0,2025-01-27,right_only
EMP01265,,,0.0,2025-01-07,right_only
EMP01266,,,0.0,2025-01-13,right_only
EMP01267,,,0.0,2025-01-27,right_only
EMP01268,,,0.0,2025-01-29,right_only
EMP01269,,,0.0,2025-01-20,right_only
EMP01270,,,0.0,2025-02-18,right_only
EMP01271,,,0.0,2025-01-07,right_only
EMP01272,,,0.0,2025-01-21,right_only
EMP01273,,,0.0,2025-01-08,right_only
EMP01274,,,0.0,2025-02-10,right_only
EMP01275,,,0.0,2025-01-08,right_only
EMP01276,,,0.0,2025-01-07,right_only
EMP01277,,,0.0,2025-01-22,right_only
EMP01278,,,0.0,2025-01-13,right_only
EMP01279,,,0.0,2025-02-24,right_only
EMP01280,,,0.0,2025-01-14,right_only
EMP01281,,,0.0,2025-01-13,right_only
EMP01282,,,0.0,2025-01-07,right_only
EMP01283,,,0.0,2025-02-17,right_only
EMP01284,,,0.0,2025-01-14,right_only
EMP01285,,,0.0,2025-03-05,right_only
EMP01286,,,0.0,2025-02-26,right_only
EMP01287,,,0.0,2025-02-19,right_only
EMP01288,,,0.0,2025-02-17,right_only
EMP01289,,,0.0,2025-01-20,right_only
EMP01290,,,0.0,2025-01-06,right_only
EMP01291,,,0.0,2025-02-05,right_only
EMP01292,,,0.0,2025-01-07,right_only
EMP01293,,,0.0,2025-01-28,right_only
EMP01294,,,0.0,2025-02-24,right_only
EMP01295,,,0.0,2025-01-29,right_only
EMP01296,,,0.0,2025-03-04,right_only
EMP01297,,,0.0,2025-01-21,right_only
EMP01298,,,0.0,2025-01-14,right_only
EMP01299,,,0.0,2025-01-22,right_only
EMP01300,,,0.0,2025-01-21,right_only
EMP01301,,,0.0,2025-02-04,right_only
EMP01302,,,0.0,2025-01-08,right_only
EMP01303,,,0.0,2025-02-10,right_only
EMP01304,,,0.0,2025-01-15,right_only
EMP01305,,,0.0,2025-01-29,right_only
EMP01306,,,0.0,2025-01-29,right_only
EMP01307,,,0.0,2025-01-13,right_only
EMP01308,,,0.0,2025-02-10,right_only
EMP01309,,,0.0,2025-01-29,right_only
EMP01310,,,0.0,2025-02-05,right_only
EMP01311,,,0.0,2025-01-14,right_only
EMP01312,,,0.0,2025-02-05,right_only
EMP01313,,,0.0,2025-01-20,right_only
EMP01314,,,0.0,2025-01-07,right_only
EMP01315,,,0.0,2025-01-07,right_only
EMP01316,,,0.0,2025-01-08,right_only
EMP01317,,,0.0,2025-01-14,right_only
EMP01318,,,0.0,2025-01-29,right_only
EMP01319,,,0.0,2025-02-04,right_only
EMP01320,,,0.0,2025-01-27,right_only
EMP01321,,,0.0,2025-02-25,right_only
EMP01322,,,0.0,2025-01-13,right_only
EMP01323,,,0.0,2025-01-07,right_only
EMP01324,,,0.0,2025-01-06,right_only
EMP01325,,,0.0,2025-02-04,right_only
EMP01326,,,0.0,2025-02-10,right_only
EMP01327,,,0.0,2025-03-05,right_only
EMP01328,,,0.0,2025-02-18,right_only
EMP01329,,,0.0,2025-01-07,right_only
EMP01330,,,0.0,2025-02-17,right_only
EMP01331,,,0.0,2025-01-13,right_only
EMP01332,,,0.0,2025-01-22,right_only
EMP01333,,,0.0,2025-01-21,right_only
EMP01334,,,0.0,2025-01-07,right_only
EMP01335,,,0.0,2025-01-15,right_only
EMP01336,,,0.0,2025-01-13,right_only
EMP01337,,,0.0,2025-01-14,right_only
EMP01338,,,0.0,2025-02-25,right_only
EMP01339,,,0.0,2025-02-10,right_only
EMP01340,,,0.0,2025-01-21,right_only
EMP01341,,,0.0,2025-01-22,right_only
EMP01342,,,0.0,2025-01-08,right_only
EMP01343,,,0.0,2025-01-21,right_only
EMP01344,,,0.0,2025-01-14,right_only
EMP01345,,,0.0,2025-01-06,right_only
EMP01346,,,0.0,2025-02-10,right_only
EMP01347,,,0.0,2025-02-11,right_only
EMP01348,,,0.0,2025-01-20,right_only
EMP01349,,,0.0,2025-02-04,right_only
EMP01350,,,0.0,2025-01-22,right_only
EMP01351,,,0.0,2025-03-05,right_only
EMP01352,,,0.0,2025-02-10,right_only
EMP01353,,,0.0,2025-01-15,right_only
EMP01354,,,0.0,2025-02-18,right_only
EMP01355,,,0.0,2025-01-07,right_only
EMP01356,,,0.0,2025-01-14,right_only
EMP01357,,,0.0,2025-02-05,right_only
